{
  "precision": 0.942230893364576,
  "recall": 0.9407709011943539,
  "f1": 0.9414514555494892
}