{
  "precision": 0.9462133477244109,
  "recall": 0.9472357284350801,
  "f1": 0.9467242620590353
}