{
    "epoch": 0.9942857142857143,
    "eval_f1": 0.02196161383643886,
    "eval_loss": 135.58251953125,
    "eval_precision": 0.02014265335235378,
    "eval_recall": 0.02414170428122008,
    "eval_runtime": 42.2297,
    "eval_samples_per_second": 59.342,
    "eval_steps_per_second": 7.436
}