{
  "precision": 0.10149551072907317,
  "recall": 0.10143831418623757,
  "f1": 0.07753947315307562
}