{
  "precision": 0.02014265335235378,
  "recall": 0.02414170428122008,
  "f1": 0.02196161383643886
}