{
  "precision": 0.002012072434607646,
  "recall": 0.030303030303030304,
  "f1": 0.003773584905660378
}