{
  "precision": 0.03666874651723137,
  "recall": 0.03418803418803419,
  "f1": 0.030314268264401662
}