{
  "precision": 0.5471469817284402,
  "recall": 0.555908009516257,
  "f1": 0.5269523060413907
}