{
  "precision": 0.5450819672131147,
  "recall": 0.6456310679611651,
  "f1": 0.5911111111111111
}