{
  "precision": 0.9411198691922806,
  "recall": 0.935305985205111,
  "f1": 0.936882144869167
}