{
  "precision": 0.8528528528528528,
  "recall": 0.9044585987261147,
  "f1": 0.8778979907264296
}