{
  "precision": 0.9605138625691667,
  "recall": 0.9630713348804358,
  "f1": 0.9617109974207654
}