{
  "precision": 0.9396499698249849,
  "recall": 0.9622991347342398,
  "f1": 0.9508396946564885
}